,City,Cloudiness,Country,Date,Humidity,Lat,Lng,Max Temp,Wind Speed
0,Bluff,32,AU,1552579826,82,149.07,149.07,295.746,1.31
1,Ushuaia,0,AR,1552575600,66,-68.31,-68.31,285.15,2.1
2,Bredasdorp,0,ZA,1552579269,60,20.04,20.04,297.15,6.2
3,Rikitea,100,PF,1552579827,100,-134.97,-134.97,297.146,8.51
4,Grand-Lahou,0,CI,1552579827,60,-5.0,-5.0,306.346,2.21
5,Hermanus,0,ZA,1552579269,72,19.24,19.24,300.93,4.47
6,Umtata,92,ZA,1552576740,94,28.78,28.78,293.15,4.1
7,Bonavista,0,CA,1552579230,60,-53.11,-53.11,275.37,4.47
8,Chuy,88,UY,1552579674,89,-53.46,-53.46,295.771,5.11
9,Awbari,0,LY,1552579827,21,12.77,12.77,295.471,2.46
10,Ostersund,20,SE,1552578600,92,14.64,14.64,271.15,1.5
11,Severo-Kurilsk,64,RU,1552579828,99,156.12,156.12,271.096,4.81
12,Kavieng,76,PG,1552579236,100,150.8,150.8,299.271,4.31
13,Hithadhoo,0,MV,1552579828,100,73.08,73.08,302.046,0.71
14,Narsaq,75,GL,1552575000,79,-46.05,-46.05,267.15,1.5
15,Carnarvon,76,ZA,1552579532,23,22.13,22.13,302.196,2.86
16,Chernyshevsk,0,RU,1552579828,69,117.01,117.01,258.271,1.06
17,Batsfjord,48,NO,1552578600,85,29.72,29.72,269.15,11.8
18,Sussex,20,CA,1552579292,48,-65.51,-65.51,277.15,1.0
19,Mataura,0,NZ,1552579806,92,168.86,168.86,279.26,0.45
20,Shenjiamen,76,CN,1552579830,99,122.3,122.3,281.371,0.46
21,Kapaa,75,US,1552579313,88,-159.32,-159.32,294.15,1.5
22,Tiksi,32,RU,1552579830,86,128.87,128.87,247.221,1.31
23,Port Alfred,80,ZA,1552579805,92,26.89,26.89,294.82,2.26
24,Geraldton,90,CA,1552578000,93,-86.95,-86.95,275.15,4.1
25,Belaya Gora,64,RU,1552579833,42,146.19,146.19,247.746,1.31
26,Grand Gaube,75,MU,1552579744,74,57.66,57.66,300.15,2.51
27,Yamada,40,JP,1552579809,100,137.08,137.08,277.59,2.6
28,Albany,1,US,1552579501,45,-73.75,-73.75,284.26,4.6
29,Busselton,0,AU,1552579666,44,115.35,115.35,290.37,5.26
30,Barrow,68,AR,1552579836,76,-60.23,-60.23,294.296,4.36
31,Hobyo,0,SO,1552579836,77,48.53,48.53,300.446,6.06
32,Zagora,0,HR,1552579704,34,15.87,15.87,287.04,3.6
33,Khatanga,24,RU,1552579836,61,102.47,102.47,257.746,6.01
34,Butaritari,88,KI,1552579837,100,172.79,172.79,299.496,4.66
35,Narbonne,0,FR,1552579635,51,3.0,3.0,289.15,9.3
36,Pevek,0,RU,1552579837,48,170.27,170.27,238.871,1.56
37,Klaksvik,80,FO,1552578600,81,-6.59,-6.59,279.15,2.1
38,Saskylakh,0,RU,1552579837,32,114.09,114.09,242.971,3.41
39,Cayenne,92,GF,1552579200,74,-52.33,-52.33,302.15,3.1
40,Airai,92,TL,1552579838,92,125.41,125.41,294.046,0.51
41,Mayor Pablo Lagerenza,76,PY,1552579838,85,-60.77,-60.77,300.446,5.66
42,East London,90,ZA,1552576680,93,27.91,27.91,292.15,2.6
43,Palana,12,RU,1552579838,44,159.95,159.95,246.771,0.96
44,Hobart,20,AU,1552579815,66,147.33,147.33,286.48,3.6
45,Karratha,44,AU,1552579575,51,116.85,116.85,302.646,5.01
46,Fujin,48,CN,1552579838,71,132.03,132.03,266.971,0.46
47,Ilo,0,PE,1552579200,78,-71.34,-71.34,297.15,5.7
48,Tilichiki,0,RU,1552579839,37,166.1,166.1,241.221,1.51
49,Nome,90,US,1552579806,47,-94.42,-94.42,297.59,4.1
50,Uige,32,AO,1552579839,98,15.06,15.06,296.021,1.31
51,Denpasar,40,ID,1552575600,88,115.22,115.22,299.15,0.5
52,Dikson,80,RU,1552579839,100,80.55,80.55,259.196,9.06
53,Luderitz,12,NA,1552579840,79,15.16,15.16,292.796,6.96
54,San Quintin,68,PH,1552579840,92,120.52,120.52,294.746,1.21
55,Cidreira,0,BR,1552579840,87,-50.22,-50.22,298.346,4.31
56,Kahului,1,US,1552579827,82,-156.47,-156.47,293.71,1.5
57,Preobrazheniye,20,RU,1552579840,70,133.91,133.91,263.121,0.86
58,Ust-Ishim,76,RU,1552579840,89,71.17,71.17,274.221,3.91
59,Chokurdakh,44,RU,1552579841,30,147.9,147.9,243.971,1.31
60,Tommot,32,RU,1552579841,71,126.27,126.27,261.696,1.31
61,Nioro,0,GM,1552579841,17,-15.05,-15.05,309.646,5.71
62,Sibi,0,PK,1552579841,58,67.88,67.88,290.371,2.71
63,Puerto Ayora,0,EC,1552579266,74,-90.35,-90.35,300.15,4.6
64,Atuona,76,PF,1552579841,100,-139.03,-139.03,300.496,6.76
65,Tuktoyaktuk,75,CA,1552575600,75,-133.03,-133.03,245.15,7.7
66,Paso de los Toros,75,UY,1552575600,73,-56.52,-56.52,296.15,7.2
67,Agadir,0,MA,1552577400,56,-9.58,-9.58,295.15,6.7
68,Qaanaaq,24,GL,1552579845,100,-69.36,-69.36,248.696,4.66
69,Paamiut,0,GL,1552579845,100,-49.67,-49.67,267.521,13.46
70,Puerto Carreno,75,CO,1552579200,52,-67.49,-67.49,306.15,2.1
71,Yellowknife,20,CA,1552579504,76,-114.38,-114.38,254.82,3.6
72,Itoman,75,JP,1552579396,63,127.67,127.67,292.15,3.1
73,Alta Floresta,40,BR,1552575600,74,-56.08,-56.08,302.15,1.0
74,Saint-Philippe,90,CA,1552579784,86,-73.48,-73.48,278.71,2.6
75,Souillac,90,FR,1552579819,81,-0.6,-0.6,286.48,9.8
76,Tasiilaq,75,GL,1552575000,79,-37.64,-37.64,269.15,0.5
77,Vaini,8,IN,1552579846,40,74.49,74.49,299.971,1.41
78,Salalah,40,OM,1552578600,69,54.1,54.1,298.15,2.1
79,Coquimbo,90,CL,1552575600,87,-71.34,-71.34,289.15,2.1
80,Beian,40,NO,1552579819,91,9.57,9.57,278.71,3.1
81,Anda,8,CN,1552579847,63,125.33,125.33,263.996,2.41
82,Pitimbu,20,BR,1552575600,70,-34.81,-34.81,304.15,5.7
83,Pandan,0,PH,1552579847,97,122.09,122.09,300.196,6.56
84,Kununurra,12,AU,1552575600,78,128.74,128.74,300.15,1.5
85,Punta Arenas,40,CL,1552579396,71,-70.91,-70.91,286.15,5.7
86,Vardo,1,US,1552579836,41,-77.74,-77.74,290.37,1.66
87,Leningradskiy,32,RU,1552579848,46,178.42,178.42,246.696,2.91
88,Pisco,20,PE,1552579200,30,-76.2,-76.2,295.15,4.6
89,Fayaoue,80,NC,1552579848,99,166.53,166.53,299.996,1.76
90,Konongo,56,GH,1552579848,47,-1.21,-1.21,308.221,1.96
91,Saint-Augustin,75,FR,1552579533,81,-0.61,-0.61,286.48,8.2
92,Bethel,90,US,1552578960,92,-161.76,-161.76,271.15,3.61
93,Teya,40,MX,1552579309,48,-89.07,-89.07,303.71,9.8
94,Sile,90,US,1552579849,100,-106.37,-106.37,276.48,2.91
95,Bambous Virieux,75,MU,1552579744,74,57.76,57.76,300.15,2.51
96,Poum,90,MK,1552575600,80,20.71,20.71,277.15,4.6
97,Matay,0,EG,1552579850,30,30.79,30.79,295.246,3.31
98,Victoria,75,BN,1552577400,83,115.24,115.24,300.15,3.6
99,Mezhdurechensk,24,RU,1552579728,76,88.07,88.07,268.196,0.91
100,Rutland,90,US,1552579756,65,-72.97,-72.97,281.48,3.1
101,Cururupu,76,BR,1552579851,95,-44.87,-44.87,300.946,1.86
102,Cherskiy,32,RU,1552579851,0,161.3,161.3,239.496,1.11
103,Shalinskoye,44,RU,1552579851,55,93.76,93.76,274.496,4.21
104,Bela,0,PK,1552579854,40,66.31,66.31,289.446,0.41
105,Luchegorsk,80,RU,1552579855,89,134.3,134.3,269.996,1.06
106,Verkhnyaya Inta,0,RU,1552579855,77,60.32,60.32,262.496,1.76
107,Te Anau,0,NZ,1552579855,90,167.72,167.72,273.471,0.96
108,Horsham,0,AU,1552579856,85,142.2,142.2,283.371,3.41
109,Pangnirtung,20,CA,1552575600,68,-65.72,-65.72,246.15,1.5
110,Los Llanos de Aridane,75,ES,1552579565,72,-17.92,-17.92,292.15,2.1
111,Batabano,75,CU,1552578900,61,-82.29,-82.29,301.15,5.1
112,Bozeman,90,US,1552579785,73,-111.04,-111.04,269.82,1.16
113,Wangkui,24,CN,1552579857,73,126.5,126.5,260.996,1.31
114,Esperance,40,TT,1552579330,55,-61.45,-61.45,303.71,7.2
115,Port Hardy,90,CA,1552575600,86,-127.42,-127.42,277.15,4.6
116,Kriel,0,ZA,1552579299,40,29.26,29.26,297.59,1.79
117,Petropavlovsk-Kamchatskiy,40,RU,1552575600,72,158.65,158.65,265.15,5.0
118,Linhares,0,BR,1552579857,50,-40.06,-40.06,307.721,4.56
119,Cabo San Lucas,5,MX,1552579510,63,-109.91,-109.91,293.71,1.5
120,Fairbanks,1,US,1552579561,67,-147.72,-147.72,268.15,3.6
121,Saint George,75,GR,1552579404,66,22.34,22.34,285.15,4.1
122,Jamestown,0,AU,1552579858,83,138.6,138.6,281.346,1.41
123,Gayeri,0,BF,1552579858,19,0.49,0.49,312.046,3.41
124,Placido de Castro,8,BR,1552579858,70,-67.19,-67.19,304.121,1.36
125,Curuca,0,BR,1552579859,66,-61.06,-61.06,304.546,2.71
126,Khani,75,GE,1552579200,93,42.96,42.96,283.15,3.6
127,Taoudenni,0,ML,1552579859,15,-3.98,-3.98,303.371,5.26
128,Ketchikan,75,US,1552578960,93,-131.65,-131.65,278.15,6.7
129,Norman Wells,75,CA,1552575600,77,-126.83,-126.83,254.15,2.6
130,Portland,75,US,1552579756,86,-122.67,-122.67,278.15,3.1
131,Beringovskiy,76,RU,1552579859,90,179.32,179.32,259.346,10.96
132,Cape Town,0,ZA,1552579692,54,18.42,18.42,300.93,7.7
133,Torbay,20,CA,1552579404,55,-52.73,-52.73,277.04,4.6
134,Cockburn Town,80,TC,1552579860,100,-71.14,-71.14,296.796,8.76
135,Alofi,44,NU,1552575600,94,-169.92,-169.92,297.15,2.6
136,Faanui,48,PF,1552579860,100,-151.75,-151.75,300.496,4.81
137,Muros,40,ES,1552579833,62,-9.06,-9.06,288.15,4.1
138,Yerbogachen,88,RU,1552579860,86,108.01,108.01,270.446,3.01
139,Bilibino,48,RU,1552579860,36,166.44,166.44,241.371,0.66
140,Conceicao do Araguaia,12,BR,1552579764,100,-49.26,-49.26,301.996,1.96
141,Namibe,20,AO,1552575600,74,12.15,12.15,299.15,4.6
142,Aklavik,75,CA,1552575600,76,-135.01,-135.01,252.15,5.1
143,Nihommatsu,48,JP,1552579404,80,140.43,140.43,273.71,2.01
144,Meulaboh,80,ID,1552579861,100,96.13,96.13,298.646,1.66
145,Hasaki,0,JP,1552579200,51,140.83,140.83,277.15,2.6
146,Broome,20,GB,1552579849,54,1.45,1.45,285.93,13.9
147,Lulea,90,SE,1552578600,92,22.15,22.15,272.15,8.7
148,Itarema,88,BR,1552579865,97,-39.92,-39.92,301.746,2.06
149,Hualmay,0,PE,1552579866,69,-77.61,-77.61,298.721,1.86
150,Sangar,0,RU,1552579866,66,127.47,127.47,256.621,2.21
151,Yaan,8,NG,1552579866,44,8.57,8.57,310.646,1.21
152,Ambon,90,FR,1552579827,93,-2.56,-2.56,284.82,7.2
153,Rio Claro,24,BR,1552579773,81,-47.56,-47.56,302.946,2.26
154,Ribeira Grande,20,PT,1552577400,63,-28.7,-28.7,290.15,8.2
155,Arraial do Cabo,40,BR,1552579200,74,-42.02,-42.02,305.15,6.2
156,Silver City,1,US,1552579637,40,-108.28,-108.28,277.59,4.1
157,Rio Gallegos,40,AR,1552579200,72,-69.22,-69.22,288.15,2.1
158,Buenos Aires,20,AR,1552579703,57,-58.44,-58.44,298.71,2.6
159,Muravlenko,76,RU,1552579867,89,74.5,74.5,266.646,4.81
160,Grindavik,75,IS,1552577400,86,-22.43,-22.43,276.15,1.5
161,Mecca,0,SA,1552578554,51,39.83,39.83,300.93,5.26
162,Harper,1,US,1552579846,22,-99.24,-99.24,292.59,10.8
163,Port Lincoln,0,AU,1552579869,100,135.86,135.86,288.696,3.66
164,Coromandel,0,NZ,1552579810,100,175.5,175.5,291.48,1.0
165,Sankt Veit,90,DE,1552579819,100,10.96,10.96,277.59,9.8
166,Nikolskoye,90,RU,1552579835,89,30.79,30.79,273.15,6.0
167,Kodiak,90,US,1552579717,100,-94.76,-94.76,277.04,10.3
168,Sechelt,90,CA,1552579625,80,-123.76,-123.76,280.37,3.6
169,Laguna,75,MX,1552578000,72,-110.01,-110.01,288.15,3.1
170,Abu Samrah,92,SY,1552579870,75,37.18,37.18,285.096,7.46
171,Tabas,68,IR,1552579680,26,56.92,56.92,288.471,2.56
172,Akdepe,0,TM,1552579200,44,59.39,59.39,291.15,5.1
173,Nhulunbuy,40,AU,1552575600,88,136.78,136.78,300.15,1.0
174,Rosario,40,UY,1552579277,73,-57.35,-57.35,296.15,5.1
175,Mahajanga,40,MG,1552575600,79,46.32,46.32,302.15,2.1
176,Barvinkove,76,UA,1552579874,59,37.03,37.03,277.721,3.01
177,Ballina,75,IE,1552579807,75,-9.15,-9.15,282.15,7.7
178,Avera,1,US,1552579875,53,-82.53,-82.53,296.48,6.2
179,Yarada,0,IN,1552575600,70,83.27,83.27,302.15,2.1
180,Guerrero Negro,0,MX,1552579876,90,-114.04,-114.04,281.596,2.41
181,Kerema,80,PG,1552579876,94,145.78,145.78,295.196,0.96
182,Xuddur,0,SO,1552579876,28,43.89,43.89,306.021,5.11
183,Mankono,0,CI,1552579876,27,-6.19,-6.19,311.546,2.66
184,Ellisras,36,ZA,1552579876,34,27.74,27.74,305.996,2.66
185,Tubuala,40,PA,1552579875,58,-79.03,-79.03,303.71,2.1
186,Kichera,88,RU,1552579877,87,110.1,110.1,265.246,1.66
187,Washington DC.,75,US,1552579604,55,-77.04,-77.04,292.04,6.7
188,Maningrida,20,AU,1552579877,81,134.23,134.23,301.946,4.56
189,Bathsheba,20,BB,1552579200,62,-59.52,-59.52,302.15,8.2
190,Noumea,20,NC,1552579200,94,166.46,166.46,296.15,1.81
191,Isiro,8,CD,1552579877,46,27.62,27.62,304.996,1.96
192,Upernavik,64,GL,1552579877,100,-56.15,-56.15,254.446,0.86
193,Port Elizabeth,1,US,1552579866,51,-74.98,-74.98,290.37,5.7
194,Hellvik,40,NO,1552579808,86,5.78,5.78,278.71,1.5
195,Ornskoldsvik,90,SE,1552578600,93,18.72,18.72,274.15,4.1
196,Caravelas,0,BR,1552579878,100,-39.27,-39.27,301.896,6.91
197,Provideniya,88,RU,1552579878,98,-173.23,-173.23,270.296,12.11
198,Mamakan,76,RU,1552579878,70,114.02,114.02,264.471,1.51
199,Abu Dhabi,0,AE,1552579200,64,54.37,54.37,298.15,2.6
200,Castro,75,CL,1552579200,62,-73.76,-73.76,288.15,4.1
201,New Norfolk,20,AU,1552579876,66,147.06,147.06,286.48,3.6
202,Richards Bay,0,ZA,1552579880,56,32.06,32.06,301.896,3.91
203,Churapcha,68,RU,1552579880,80,132.43,132.43,260.721,2.41
204,Maymyo,0,MM,1552579880,81,96.47,96.47,289.871,0.86
205,Dire Dawa,92,ET,1552579880,28,41.86,41.86,300.471,1.21
206,Nautla,32,MX,1552579880,99,-96.78,-96.78,297.046,3.61
207,Teluknaga,20,ID,1552579827,74,106.64,106.64,301.15,1.0
208,Mount Isa,0,AU,1552575600,37,139.49,139.49,301.15,2.6
209,Zhigansk,0,RU,1552579862,65,123.37,123.37,250.446,1.11
210,Hami,0,CN,1552579881,47,93.51,93.51,276.471,2.91
211,Najran,0,SA,1552575600,16,44.22,44.22,306.15,6.2
212,Constitucion,20,MX,1552579817,33,-104.67,-104.67,288.15,4.1
213,Lebu,48,ET,1552579885,56,38.73,38.73,292.096,2.01
214,Lavrentiya,48,RU,1552579885,88,-170.99,-170.99,267.871,11.11
215,Coahuayana,0,MX,1552579886,37,-100.35,-100.35,296.396,1.16
216,Ginir,0,ET,1552579886,30,40.71,40.71,299.721,3.61
217,Ordynskoye,36,RU,1552579886,87,81.9,81.9,273.046,4.31
218,Georgetown,75,GY,1552579200,66,-58.16,-58.16,305.15,6.2
219,Hilo,90,US,1552579876,88,-155.08,-155.08,292.15,2.1
220,Padang,40,ID,1552575600,88,100.36,100.36,300.15,3.1
221,Hashtrud,92,IR,1552579887,93,47.05,47.05,277.346,2.31
222,Tairua,0,NZ,1552579565,89,175.85,175.85,294.26,1.11
223,Roald,75,NO,1552579804,96,6.12,6.12,278.15,2.1
224,Abonnema,75,NG,1552575600,66,6.79,6.79,306.15,5.7
225,Fukue,20,JP,1552579841,70,136.69,136.69,280.15,4.6
226,Luau,0,CD,1552579888,59,22.23,22.23,301.596,1.36
227,Puerto Ayacucho,75,CO,1552579200,52,-67.63,-67.63,306.15,2.1
228,Darayya,0,SY,1552579267,53,36.24,36.24,284.15,6.2
229,Narayanavanam,20,IN,1552575600,45,79.59,79.59,304.15,2.1
230,Ponta do Sol,0,BR,1552579888,85,-46.0,-46.0,301.771,1.66
231,Sao Filipe,0,CV,1552579889,80,-24.5,-24.5,297.271,6.81
232,Tongliao,12,CN,1552579889,49,122.27,122.27,268.246,1.86
233,Pueblo Nuevo,0,MX,1552579704,78,-106.96,-106.96,293.71,1.34
234,Lompoc,1,US,1552579710,100,-120.46,-120.46,286.48,2.41
235,Flin Flon,5,CA,1552575600,73,-101.88,-101.88,267.15,2.6
236,San Miguel,0,AR,1552579858,53,-58.72,-58.72,298.15,4.1
237,Semey,0,KZ,1552579798,78,80.25,80.25,271.696,3.91
238,Lakatoro,48,VU,1552579895,100,167.42,167.42,298.646,2.46
239,Yining,92,CN,1552579895,87,114.56,114.56,282.721,0.96
240,Beloha,0,MG,1552579896,40,45.06,45.06,301.771,7.41
241,Mana,75,RS,1552577400,45,20.24,20.24,282.15,2.6
242,Iqaluit,5,CA,1552575600,76,-68.52,-68.52,249.15,2.46
243,Turinskaya Sloboda,92,RU,1552579896,93,64.39,64.39,271.121,5.41
244,Mount Pleasant,1,US,1552579397,41,-94.97,-94.97,289.82,5.7
245,Baculin,92,PH,1552579897,100,126.58,126.58,295.471,3.21
246,Avarua,36,CK,1552579200,78,-159.78,-159.78,300.15,7.7
247,Sisimiut,0,GL,1552579897,68,-53.67,-53.67,254.196,0.76
248,Mar del Plata,76,AR,1552579866,72,-67.52,-67.52,289.221,4.06
249,Clyde River,75,CA,1552575600,63,-68.59,-68.59,252.15,2.66
250,Bilma,0,NE,1552579898,12,12.92,12.92,304.446,4.11
251,Moa,8,CU,1552579898,60,-74.95,-74.95,299.021,2.66
252,Vilyuysk,12,RU,1552579898,59,121.63,121.63,254.046,1.11
253,Odienne,0,CI,1552579898,17,-7.57,-7.57,310.621,4.11
254,Zapolyarnyy,0,RU,1552578600,73,30.82,30.82,267.15,9.3
255,Shakawe,0,BW,1552579899,33,21.84,21.84,306.046,5.11
256,Ibirama,24,BR,1552579857,1,-49.52,-49.52,304.26,1.61
257,Waingapu,92,ID,1552579899,100,120.26,120.26,295.846,1.61
258,Aloleng,8,PH,1552579899,95,119.78,119.78,298.846,1.61
259,Whitehorse,90,CA,1552579373,68,-135.06,-135.06,271.15,4.6
260,Tessalit,0,ML,1552579900,18,1.01,1.01,306.296,2.01
261,Kaeo,80,NZ,1552579684,94,173.78,173.78,289.26,1.41
262,Codrington,8,AU,1552579674,88,153.24,153.24,296.15,1.76
263,Agadez,12,NE,1552575600,9,7.99,7.99,306.15,10.3
264,De Aar,0,ZA,1552579900,27,24.01,24.01,301.546,2.41
265,Oktyabrskoye,0,RU,1552579822,69,85.44,85.44,276.15,6.0
266,Russell,0,AR,1552575600,50,-68.8,-68.8,297.15,3.1
267,Fairview,1,US,1552579883,50,-74.0,-74.0,285.37,1.5
268,Macia,48,MZ,1552579877,59,33.09,33.09,301.846,6.26
269,Thompson,90,CA,1552578540,67,-97.86,-97.86,268.15,5.1
270,Sur,0,OM,1552579906,89,59.53,59.53,295.496,6.71
271,Longyearbyen,40,NO,1552578600,70,15.63,15.63,256.15,1.06
272,Port Blair,0,IN,1552579906,100,92.75,92.75,300.371,2.76
273,Northam,75,GB,1552579879,81,-4.21,-4.21,286.48,9.3
274,Hefei,0,CN,1552575600,33,117.22,117.22,287.15,2.0
275,Vengerovo,48,RU,1552579906,94,76.74,76.74,273.646,5.91
276,San Rafael,8,AR,1552579908,28,-68.33,-68.33,296.496,4.56
277,Mandalgovi,0,MN,1552579908,59,106.27,106.27,266.746,1.51
278,Ierapetra,75,GR,1552579766,71,25.74,25.74,288.71,1.5
279,Zalantun,36,CN,1552579908,32,122.72,122.72,268.871,2.96
280,Tarko-Sale,68,RU,1552579901,84,77.78,77.78,262.04,3.86
281,Say,8,NE,1552575600,4,2.36,2.36,314.15,2.1
282,Heihe,0,RU,1552579200,61,127.51,127.51,265.15,2.0
283,Ganzhou,92,CN,1552579909,89,114.93,114.93,286.021,2.71
284,Lukh,0,AF,1552579909,81,68.87,68.87,282.871,0.96
285,Shubarshi,0,KZ,1552579909,72,57.19,57.19,273.721,6.36
286,Berberati,24,CF,1552579728,69,15.79,15.79,303.796,1.81
287,Ifakara,0,TZ,1552579909,77,36.68,36.68,302.546,1.11
288,Nienburg,90,DE,1552579845,86,11.77,11.77,279.26,8.2
289,Ixtapa,20,MX,1552579507,73,-105.21,-105.21,297.15,1.0
290,Prieska,12,ZA,1552579910,42,22.74,22.74,302.221,1.56
291,Nelson Bay,90,AU,1552579866,93,152.14,152.14,292.59,4.1
292,Garissa,8,KE,1552579910,31,39.64,39.64,309.346,4.01
293,Ahipara,20,NZ,1552579337,100,173.16,173.16,289.26,1.86
294,Shetpe,0,KZ,1552579910,46,52.16,52.16,278.746,5.01
295,Mehran,75,IR,1552579200,57,46.17,46.17,283.15,7.2
296,Palmas,20,BR,1552575600,66,-48.33,-48.33,303.15,3.1
297,Monterey,1,US,1552579778,46,-121.89,-121.89,283.15,3.6
298,Manokwari,92,ID,1552579768,99,134.08,134.08,300.496,6.01
299,Vilhena,0,BR,1552575600,69,-60.15,-60.15,301.15,0.5
300,Kruisfontein,0,ZA,1552579911,77,24.73,24.73,294.346,2.71
301,Kokoda,92,PG,1552579911,97,147.74,147.74,290.846,0.66
302,Emba,20,CY,1552579216,67,32.42,32.42,290.15,3.6
303,Oranjestad,40,AW,1552575600,70,-70.03,-70.03,302.15,10.8
304,Husavik,92,CA,1552579871,77,-96.99,-96.99,273.71,6.71
305,Ilulissat,75,GL,1552575000,65,-51.1,-51.1,258.15,3.1
306,Basoko,8,CD,1552579915,34,23.61,23.61,310.346,2.21
307,Pingliang,48,CN,1552579882,57,106.68,106.68,276.48,2.06
308,Arlit,0,NE,1552579915,46,7.39,7.39,305.296,2.06
309,Lasa,20,CY,1552579216,67,32.53,32.53,290.15,3.6
310,Antofagasta,0,CL,1552575600,53,-70.4,-70.4,295.15,2.1
311,Anadyr,40,RU,1552579200,83,177.51,177.51,251.15,1.0
312,Margate,20,AU,1552579876,66,147.26,147.26,286.48,3.6
313,Kaitangata,24,NZ,1552579856,82,169.85,169.85,283.71,1.34
314,Grants,90,US,1552577700,64,-107.85,-107.85,273.15,5.7
315,Massakory,0,TD,1552579917,15,15.73,15.73,310.846,8.06
316,Buala,8,SB,1552579917,93,159.59,159.59,300.596,2.51
317,Bati,12,ET,1552579917,34,40.02,40.02,304.371,1.86
318,Nizhniy Tsasuchey,0,RU,1552579917,57,115.13,115.13,260.896,1.56
319,Son La,0,VN,1552579917,88,103.9,103.9,289.246,0.86
320,Pavino,0,RU,1552579200,74,82.61,82.61,274.15,5.0
321,Sitka,0,US,1552579328,59,-99.65,-99.65,278.71,12.07
322,Namatanai,92,PG,1552579917,100,152.44,152.44,298.521,3.61
323,Aksarka,0,RU,1552579918,70,67.8,67.8,259.196,5.11
324,Cumpas,0,MX,1552579918,79,-109.78,-109.78,277.246,0.96
325,Tazovskiy,48,RU,1552579918,75,78.7,78.7,259.496,7.61
326,Salinopolis,92,BR,1552579918,100,-47.36,-47.36,298.496,3.21
327,Pyrzyce,75,PL,1552579752,87,14.89,14.89,279.26,4.6
328,Adrar,0,DZ,1552575600,19,-0.29,-0.29,303.15,5.1
329,Zhanakorgan,8,KZ,1552579918,48,67.25,67.25,285.246,3.16
330,Kirakira,24,SB,1552579918,98,161.92,161.92,302.246,2.26
331,Lyman,68,UA,1552579919,62,37.82,37.82,277.046,3.16
332,Thinadhoo,0,MV,1552579332,100,72.93,72.93,302.146,1.16
333,Smithers,75,CA,1552575600,64,-127.17,-127.17,274.15,2.6
334,Turan,0,RU,1552579919,73,93.92,93.92,264.096,0.86
335,Deputatskiy,44,RU,1552579919,27,139.9,139.9,244.296,1.21
336,Neiafu,40,TO,1552579200,78,-173.98,-173.98,298.15,5.1
337,Ust-Nera,20,RU,1552579919,0,143.24,143.24,238.771,0.86
338,Falmouth,90,GB,1552579804,93,-5.07,-5.07,284.26,9.8
339,Nokaneng,0,BW,1552579920,23,22.19,22.19,307.446,5.26
340,Mayo,90,CA,1552575600,54,-135.9,-135.9,272.15,1.0
341,Trairi,88,BR,1552579920,100,-39.27,-39.27,298.896,2.26
342,Urusha,0,RU,1552579920,72,122.9,122.9,260.696,1.11
343,Iquique,75,CL,1552579200,64,-70.14,-70.14,296.15,6.2
344,Katsuura,20,JP,1552578671,60,134.5,134.5,279.15,2.6
345,Saint Augustine,40,TT,1552579330,55,-61.4,-61.4,303.71,7.2
346,Nemuro,20,JP,1552579921,97,145.57,145.57,272.596,8.31
347,Straumen,40,NO,1552579819,74,11.3,11.3,278.71,1.0
348,Tura,80,IN,1552579921,58,90.21,90.21,294.596,2.11
349,Ternate,40,PH,1552579700,69,120.72,120.72,301.15,2.1
350,Kavaratti,0,IN,1552579923,99,72.64,72.64,301.946,5.56
351,Batagay,44,RU,1552579924,24,134.64,134.64,245.771,1.31
352,Kodinsk,48,RU,1552579925,71,99.18,99.18,273.371,4.06
353,Zhangye,0,CN,1552579925,57,100.46,100.46,270.146,2.71
354,Mahebourg,75,MU,1552579744,74,57.7,57.7,300.15,2.51
355,Marshall,90,US,1552579918,93,-87.69,-87.69,290.93,11.3
356,Jiayuguan,0,CN,1552579926,63,98.29,98.29,265.371,2.01
357,Katete,32,UG,1552579926,79,29.75,29.75,297.871,1.21
358,Morant Bay,20,JM,1552575600,45,-76.41,-76.41,303.15,1.5
359,Orange,0,AU,1552579298,44,149.1,149.1,287.04,3.16
360,Sao Jose de Ribamar,75,BR,1552579200,74,-44.05,-44.05,303.15,4.6
361,Makokou,44,GA,1552579927,79,12.85,12.85,301.296,0.51
362,Novikovo,24,UA,1552579927,88,34.56,34.56,277.796,3.31
363,Atambua,100,ID,1552579927,100,124.89,124.89,296.646,0.96
364,Neuquen,0,AR,1552579200,28,-68.06,-68.06,294.15,5.1
365,El Dorado,20,VE,1552579861,49,-61.64,-61.64,303.121,1.76
366,Bloomfield,90,US,1552579853,65,-92.42,-92.42,282.15,9.8
367,Idrinskoye,80,RU,1552579928,81,92.14,92.14,274.246,2.01
368,Verkh-Usugli,20,RU,1552579864,66,115.17,115.17,258.721,1.81
369,Troitskoye,0,RU,1552579928,89,84.68,84.68,269.446,1.06
370,Mackenzie,90,CA,1552578060,86,-123.09,-123.09,271.15,3.6
371,Waipawa,64,NZ,1552579457,95,176.59,176.59,288.15,1.41
372,La Ronge,90,CA,1552578300,79,-105.3,-105.3,268.15,4.1
373,Baruun-Urt,0,MN,1552579929,64,113.28,113.28,261.396,1.31
374,Key Largo,90,US,1552579692,69,-80.45,-80.45,300.37,5.7
375,Vestmannaeyjar,75,IS,1552575600,100,-20.27,-20.27,275.15,7.7
376,Rumoi,88,JP,1552579929,91,141.67,141.67,272.396,2.56
377,Kloulklubed,75,PW,1552578600,83,134.26,134.26,298.15,6.76
378,Mogadishu,0,SO,1552579776,97,45.34,45.34,301.021,8.31
379,Tezu,88,IN,1552579929,88,96.16,96.16,287.796,0.76
380,Pauini,0,BR,1552579929,81,-67.0,-67.0,303.121,1.66
381,Loandjili,40,CG,1552575600,79,11.87,11.87,304.15,4.6
382,Panalingaan,0,PH,1552579930,93,117.42,117.42,298.621,3.36
383,Sorong,36,ID,1552579930,100,131.25,131.25,300.746,4.76
384,Parintins,24,BR,1552579930,70,-56.73,-56.73,303.721,2.06
385,Kiama,90,AU,1552579927,88,150.86,150.86,292.59,2.6
386,Omboue,32,GA,1552579930,100,9.26,9.26,299.446,2.86
387,Rocky Mountain House,0,CA,1552579814,62,-114.92,-114.92,261.521,1.06
388,Nantucket,90,US,1552579924,70,-70.1,-70.1,281.48,6.2
389,Darfo,0,IT,1552579904,26,10.18,10.18,288.15,5.7
390,Ajra,32,IN,1552579931,47,74.21,74.21,298.196,0.96
391,Haines Junction,24,CA,1552579931,80,-137.51,-137.51,266.946,1.16
392,Cascais,0,PT,1552579829,37,-9.42,-9.42,294.26,3.1
393,Arman,0,RU,1552579934,24,150.17,150.17,245.496,1.11
394,Moerai,80,PF,1552579935,100,-151.33,-151.33,298.971,11.06
395,Amapa,20,HN,1552579813,52,-87.97,-87.97,305.37,1.5
396,Mackay,40,CA,1552575600,72,-115.58,-115.58,263.15,1.0
397,Totness,20,US,1552579900,60,-80.8,-80.8,296.48,3.6
398,Pilar,0,AR,1552579858,53,-58.91,-58.91,298.15,4.1
399,Kieta,88,PG,1552579936,100,155.63,155.63,297.196,1.21
400,Winslow,40,GB,1552579625,71,-0.88,-0.88,286.48,6.2
401,Mareeba,75,AU,1552579817,88,145.42,145.42,299.15,3.1
402,Mayumba,76,GA,1552579937,100,10.65,10.65,300.521,3.56
403,Gobabis,0,NA,1552579937,24,18.97,18.97,304.271,4.71
404,Lyngseidet,75,NO,1552579675,63,20.21,20.21,271.15,7.2
405,Madang,92,PG,1552579938,100,145.81,145.81,296.596,0.46
406,Fort Frances,90,CA,1552578420,93,-93.4,-93.4,275.37,5.1
407,Hokitika,92,NZ,1552579938,100,170.96,170.96,287.446,1.96
408,Mehamn,0,NO,1552578600,73,27.85,27.85,269.15,13.9
409,Ebebiyin,75,GQ,1552575600,70,11.34,11.34,303.15,1.16
410,Katherine,75,AU,1552575600,62,132.26,132.26,302.15,1.0
411,Touros,75,BR,1552579200,70,-35.46,-35.46,304.15,7.2
412,Craig,90,US,1552578780,85,-107.55,-107.55,267.15,4.1
413,Mutis,12,CO,1552579939,87,-77.4,-77.4,299.596,1.31
414,San Patricio,0,PY,1552579939,75,-56.83,-56.83,300.246,1.51
415,Murray Bridge,0,AU,1552579938,86,139.28,139.28,289.26,0.45
416,Montepuez,68,MZ,1552579939,88,39.0,39.0,299.621,2.21
417,Beeville,90,US,1552579670,22,-97.75,-97.75,297.15,7.7
418,Shimoda,36,JP,1552579811,63,138.93,138.93,278.15,2.24
419,Zittau,68,CZ,1552579924,90,14.81,14.81,279.82,4.47
420,Fort-Shevchenko,12,KZ,1552579940,93,50.26,50.26,277.546,7.26
421,Abbeville,20,FR,1552579800,93,1.83,1.83,285.37,7.2
422,Pouebo,56,NC,1552579940,96,164.57,164.57,296.871,2.26
423,Cotonou,20,BJ,1552575600,70,2.43,2.43,305.15,6.2
424,Madaras,0,RS,1552576500,37,19.26,19.26,285.15,2.6
425,Borzya,0,RU,1552579941,53,116.53,116.53,258.521,1.31
426,Svetlaya,12,RU,1552579941,100,138.33,138.33,270.021,1.86
427,Birjand,0,IR,1552579200,37,59.22,59.22,285.15,1.21
428,Chumikan,64,RU,1552579879,74,135.31,135.31,262.996,1.16
429,Labuhan,48,ID,1552579941,95,115.51,115.51,294.846,0.31
430,Pyaozerskiy,88,RU,1552579945,79,31.17,31.17,269.746,4.21
431,Upala,0,CR,1552579200,36,-85.02,-85.02,306.15,6.2
432,Flagstaff,90,US,1552579658,79,-111.65,-111.65,277.59,3.1
433,Colares,0,PT,1552579829,37,-9.45,-9.45,294.26,3.1
434,Boyolangu,32,ID,1552579945,84,111.9,111.9,295.096,2.51
435,Longonjo,75,AO,1552575600,51,15.25,15.25,300.15,0.71
436,Skibbereen,75,IE,1552577400,87,-9.27,-9.27,285.15,7.2
437,San Cristobal,40,EC,1552579301,60,-78.55,-78.55,293.15,2.1
438,Taksimo,48,RU,1552579946,73,114.84,114.84,259.646,0.66
439,Horuphav,75,DK,1552579924,93,9.9,9.9,279.26,4.1
440,Tokmak,44,UA,1552579947,44,35.7,35.7,278.296,3.91
441,Marsa Matruh,75,EG,1552575600,63,27.25,27.25,290.15,6.2
442,Lucapa,56,AO,1552579947,75,20.74,20.74,299.721,2.76
443,Lop Buri,0,TH,1552579526,78,100.65,100.65,303.15,1.34
444,Tsushima,20,JP,1552579956,70,136.76,136.76,280.15,4.6
445,Tuatapere,0,NZ,1552579806,92,167.69,167.69,279.26,0.45
446,Jackville,20,CI,1552577400,66,-4.42,-4.42,305.15,6.2
447,Niamey,24,NE,1552575600,4,2.11,2.11,314.15,2.1
448,Comodoro Rivadavia,75,AR,1552579200,87,-67.48,-67.48,288.15,5.1
449,Yar-Sale,0,RU,1552580026,68,70.83,70.83,259.496,6.96
450,Matara,75,PE,1552579200,58,-72.9,-72.9,285.15,4.1
451,La Asuncion,75,EC,1552579200,67,-78.74,-78.74,291.15,0.86
452,Pangkalanbuun,68,ID,1552580027,78,111.62,111.62,299.471,1.81
453,Gat,0,SN,1552577400,7,-16.54,-16.54,309.15,6.2
454,Nouadhibou,0,MR,1552575600,15,-17.03,-17.03,304.15,6.7
455,Ebbs,75,AT,1552579995,67,12.22,12.22,279.15,4.1
456,Isla Mujeres,40,MX,1552579999,62,-86.73,-86.73,302.15,7.7
457,Lorengau,92,PG,1552580027,100,147.27,147.27,300.521,6.51
458,Naze,75,NG,1552575600,66,7.07,7.07,306.15,5.7
459,Aswan,0,EG,1552580028,31,32.9,32.9,295.521,2.41
460,Payo,44,ID,1552580028,79,103.64,103.64,298.271,1.21
461,Aripuana,8,BR,1552580022,72,-60.63,-60.63,304.471,1.36
462,Dunedin,24,NZ,1552579543,91,170.5,170.5,286.48,1.79
463,Puerto Escondido,5,MX,1552578060,58,-97.07,-97.07,301.15,5.1
464,Dauphin,75,CA,1552575600,73,-100.04,-100.04,270.15,4.6
465,Hita,0,JP,1552580025,70,130.95,130.95,278.15,1.5
466,Camacha,75,PT,1552577400,67,-16.33,-16.33,290.15,7.2
467,Ancud,75,CL,1552579200,62,-73.83,-73.83,288.15,4.1
468,Aktau,0,KZ,1552579200,69,51.16,51.16,276.15,4.0
469,Howard Springs,75,AU,1552580006,83,131.05,131.05,301.48,3.6
470,Mettet,75,BE,1552580020,62,4.66,4.66,285.37,9.8
471,Wanning,75,AT,1552579990,75,13.53,13.53,279.15,6.7
472,Leh,48,IN,1552580029,69,77.58,77.58,254.346,0.76
473,Inyonga,32,TZ,1552580030,91,32.06,32.06,295.196,0.86
474,Srandakan,32,ID,1552580030,95,110.25,110.25,296.646,1.11
475,Broken Hill,0,AU,1552575600,22,141.45,141.45,293.15,3.6
476,Tashara,48,RU,1552580030,93,83.51,83.51,274.221,4.26
477,Havre-Saint-Pierre,75,CA,1552575600,74,-63.6,-63.6,272.15,2.6
478,Hirara,92,JP,1552580030,100,125.28,125.28,295.721,5.21
479,Jalu,0,LY,1552580031,33,21.55,21.55,294.271,4.71
480,Dudinka,32,RU,1552580031,81,86.18,86.18,261.646,6.71
481,Shingu,24,JP,1552580031,100,135.99,135.99,282.896,4.51
482,The Valley,20,AI,1552579314,57,-63.06,-63.06,301.15,5.1
483,Saint Anthony,90,US,1552578960,85,-111.68,-111.68,270.15,2.1
484,Kikwit,8,CD,1552580031,78,18.82,18.82,304.246,1.21
485,Lom Sak,68,TH,1552580031,54,101.24,101.24,298.521,0.46
486,Ivrea,0,IT,1552580019,26,7.87,7.87,291.48,2.6
487,Ligayan,32,PH,1552580035,100,119.47,119.47,300.796,4.21
488,Vila Franca do Campo,20,PT,1552580013,59,-25.43,-25.43,289.15,5.1
489,Osoyoos,1,CA,1552579964,68,-119.47,-119.47,271.15,0.71
490,San Matias,20,HN,1552579200,44,-86.63,-86.63,297.15,2.6
491,Yabassi,75,CM,1552575600,66,9.97,9.97,306.15,2.6
492,Christchurch,100,NZ,1552579515,93,172.64,172.64,288.15,2.6
493,Sorland,75,NO,1552578600,100,12.69,12.69,273.15,4.1
494,Borogontsy,80,RU,1552580036,76,131.17,131.17,260.396,2.51
495,Lewistown,40,US,1552579608,77,-90.15,-90.15,291.48,9.8
496,Charters Towers,8,AU,1552580036,91,146.27,146.27,296.371,2.71
497,Sinnamary,88,GF,1552580037,100,-52.96,-52.96,298.646,3.41
498,Dar es Salaam,20,TZ,1552575600,70,39.28,39.28,304.15,6.2
499,Ahuimanu,40,US,1552580002,83,-157.84,-157.84,295.15,2.1
500,Volksrust,0,ZA,1552580037,29,29.88,29.88,299.871,4.21
501,Mangrol,0,IN,1552580037,41,76.51,76.51,295.696,4.96
502,Alexandria,75,US,1552580017,82,-92.44,-92.44,298.71,1.5
503,Svetlogorsk,90,RU,1552579200,74,59.15,59.15,271.15,10.0
504,Pozo Colorado,92,PY,1552580038,100,-58.8,-58.8,296.546,3.91
505,Lashio,20,MM,1552580038,80,97.75,97.75,292.146,0.76
506,Puerto Quijarro,40,BO,1552579200,66,-57.72,-57.72,307.15,2.6
507,Falam,0,MM,1552580038,82,93.68,93.68,288.096,0.71
508,Atar,0,MR,1552575600,12,-13.05,-13.05,306.15,8.2
509,Aksha,32,RU,1552580038,66,113.29,113.29,261.221,1.31
510,Sattahip,20,TH,1552579390,74,100.9,100.9,304.82,3.6
511,Jiuquan,0,CN,1552580038,63,98.49,98.49,265.371,2.01
512,Praia da Vitoria,75,PT,1552579217,63,-27.07,-27.07,290.37,5.11
513,Lao Cai,12,VN,1552580039,98,103.95,103.95,288.521,0.71
514,Lufilufi,20,WS,1552575600,100,-171.6,-171.6,298.15,1.5
515,Katobu,48,ID,1552580039,93,122.53,122.53,301.246,3.41
516,Visby,75,SE,1552578855,93,18.3,18.3,278.71,3.6
517,Maldonado,40,UY,1552579200,73,-54.96,-54.96,296.15,5.1
518,Palmer,0,AU,1552579841,72,139.16,139.16,289.26,4.1
519,Entre Rios,48,BR,1552580040,76,-38.08,-38.08,303.146,3.46
520,Birao,0,CF,1552580040,12,22.78,22.78,311.271,6.06
521,Maralal,0,KE,1552580041,64,36.7,36.7,295.721,3.01
522,Cabinda,20,AO,1552575600,79,12.19,12.19,304.15,4.6
523,Uppsala,90,SE,1552579881,100,17.64,17.64,277.15,1.5
524,Goderich,100,CA,1552579738,81,-81.71,-81.71,282.04,6.71
525,Escanaba,90,US,1552579993,100,-87.06,-87.06,279.82,5.1
526,Barcelos,0,PT,1552579955,62,-8.62,-8.62,293.15,5.7
527,Biak,68,ID,1552580046,86,122.88,122.88,299.846,2.01
528,Nuuk,20,GL,1552579978,56,-51.74,-51.74,262.15,5.7
529,Komsomolskiy,76,RU,1552580050,82,63.78,63.78,264.946,5.86
530,Khandyga,64,RU,1552580050,80,135.58,135.58,259.746,1.06
531,Xinzhi,75,TW,1552579801,78,120.62,120.62,295.15,2.6
532,Imbituba,75,BR,1552579200,78,-48.67,-48.67,300.15,4.6
533,Nea Ankhialos,75,GR,1552579998,66,22.82,22.82,285.15,4.1
534,Ekibastuz,0,KZ,1552580056,79,75.32,75.32,270.971,4.46
535,Hearst,100,CA,1552580056,96,-83.67,-83.67,276.846,3.46
536,Dhidhdhoo,0,MV,1552580056,100,73.1,73.1,301.446,2.41
537,Tsiroanomandidy,68,MG,1552580056,100,46.05,46.05,292.871,1.56
538,Itupiranga,40,BR,1552579200,66,-49.33,-49.33,304.15,2.1
539,Guantanamo,75,BO,1552579200,78,-62.05,-62.05,301.15,4.1
540,San Policarpo,88,PH,1552580057,95,125.51,125.51,297.746,4.66
541,Vinh Long,20,VN,1552575600,83,105.97,105.97,300.15,2.1
542,Tual,24,ID,1552580057,96,132.75,132.75,302.246,8.31
543,Ambulu,76,ID,1552580057,100,113.61,113.61,299.146,1.31
544,Charlottesville,1,US,1552579994,63,-78.48,-78.48,293.15,7.7
545,Okha,56,RU,1552580058,81,142.95,142.95,263.771,1.31
546,Manaure,75,CO,1552579200,52,-72.45,-72.45,305.15,7.7
547,Virginia Beach,75,US,1552579829,48,-75.98,-75.98,293.71,5.7
548,Shitanjing,0,CN,1552580058,64,106.34,106.34,264.471,1.06
549,Sicamous,90,CA,1552580042,92,-118.99,-118.99,270.93,0.76
550,Bowen,92,AU,1552580003,94,148.25,148.25,298.15,2.1
551,Ormara,0,PK,1552580059,79,64.64,64.64,295.846,4.71
552,Aksu,0,KZ,1552579200,100,76.93,76.93,269.15,3.0
